subject	mask_name	aa_rdm	bb_rdm	cc_rdm	dd_rdm
1	mofc	-0.005052656250000159	0.0026947656250001575	-0.003278984374999688	0.004236093749999892
1	lofc	0.003940664062499849	-0.0037887304687498832	0.013588457031250249	0.004111601562499956
1	hp	0.0009564062499998784	-0.004676953124999723	-0.0002438281249997204	0.0017645312500000065
1	dlPFC	0.000295078124999848	0.0009497265625001555	0.004640351562500287	-0.00032679687500004884
1	FFA-PPA	-0.0005478906250001268	0.00018605468750022142	-0.0023833203124997565	-0.012583515625000069
2	mofc	0.012553124999999912	0.005020937500000135	-0.002692812499999739	-0.013828749999999945
2	lofc	0.010516757812499913	0.008961191406250166	-0.000492871093749736	-0.010788554687500063
2	hp	0.021610390624999903	0.0173614453125003	0.004059570312500298	0.00815039062499992
2	dlPFC	0.0555842578124999	0.007849941406250262	-0.008629121093749761	0.01178707031249987
2	FFA-PPA	0.021793124999999903	0.010573437500000123	0.005850312500000249	-0.004983750000000092
3	mofc	0.02052964843749992	0.003543417968750226	0.008828730468750318	0.021189335937499942
3	lofc	0.00983238281249988	0.012791191406250284	0.007446503906250308	0.008805820312499824
3	hp	0.018364687499999918	0.004380156250000149	0.006170781250000305	0.014942812499999958
3	dlPFC	0.005998945312499771	0.023410722656250257	0.0045654101562503276	0.01077613281249995
3	FFA-PPA	-0.0017786328125001319	0.018427558593750205	0.016910371093750258	-0.007073320312500075
4	mofc	0.014466523437499896	0.03249904296875025	-0.002825019531249669	0.00035808593749989126
4	lofc	0.004625039062499833	0.04367048828125026	-0.0012291992187496575	-0.0035052734375000394
4	hp	0.0174069921874999	0.0026170898437502185	0.010884277343750245	-0.00026082031250010407
4	dlPFC	-0.003302187500000199	0.038832656250000194	-0.0038723437499996183	0.006648437499999826
4	FFA-PPA	0.001028710937499816	0.011618105468750271	-0.0012634570312496738	0.002837148437499798
5	mofc	0.021413398437499884	-0.0064287695312498574	-0.0037034570312497045	0.020046210937499892
5	lofc	-0.003900078125000178	0.010585117187500277	-0.00312175781249965	0.0075111718749998335
5	hp	0.008716249999999912	0.001977031250000108	0.009778906250000254	-0.006702500000000167
5	dlPFC	0.016884453124999893	0.017056601562500266	-0.0023240234374996838	0.0075457031249998585
5	FFA-PPA	0.002281249999999877	0.007535000000000264	-0.002801874999999652	0.013475624999999797
7	mofc	0.03370519531249999	0.003594160156250255	-0.007433652343749738	0.004914257812499961
7	lofc	0.04490367187499981	0.014877929687500221	-0.014707695312499706	0.018842421874999904
7	hp	0.008715468749999847	-0.0006500781249998075	-0.0026575781249997335	-0.0019214062500000073
7	dlPFC	0.059203632812499955	0.02882306640625014	-0.004368496093749705	0.026710195312499907
7	FFA-PPA	0.010463476562499893	-0.0007470117187498362	-0.004851074218749739	-0.0012580859375000697
8	mofc	-0.002339257812500127	0.0207634960937502	0.0007881835937502413	-0.018347695312500106
8	lofc	0.04538734374999989	0.0022924218750001515	-0.01023945312499977	0.003391718749999967
8	hp	0.001752031249999824	8.132812500034198e-05	-0.007296796874999654	0.010237031249999876
8	dlPFC	0.06135289062499988	-0.0013757421874998205	-0.03436824218749977	0.013544765624999983
8	FFA-PPA	-0.01079523437500014	-0.0057001171874998605	-0.009824492187499695	-0.01279148437500005
9	mofc	0.03240562499999986	-0.007337968749999778	-0.006627343749999796	-0.006023125000000129
9	lofc	0.030590156249999872	0.014231328125000171	-0.005195546874999676	0.012181406249999971
9	hp	0.01106539062499988	0.0018911328125000779	0.0008086328125002339	-0.0037633593749999417
9	dlPFC	0.055123281249999906	0.032369765625000164	-0.01336835937499968	0.017668281249999862
9	FFA-PPA	0.0443401953124999	-0.0027405273437498615	-0.013356464843749761	0.009014882812499958
10	mofc	-0.004649648437500105	0.01885330078125022	0.006247363281250383	-0.0012524609375002549
10	lofc	0.01760996093749996	-0.0033914257812498946	-0.0010923632812497256	0.0031108984374998983
10	hp	0.012726367187499945	-2.5390624991405986e-07	0.005393808593750259	0.003361054687499837
10	dlPFC	0.03632699218749992	0.008592246093750068	0.008755058593750222	-0.005355820312499954
10	FFA-PPA	0.021463749999999955	-0.008730468749999928	0.007541406250000236	-0.0008712499999999901
11	mofc	0.010054492187499906	-0.010085410156249731	-0.01914884765624967	0.008409804687499911
11	lofc	0.007632539062499839	-0.001021386718749788	-0.008650449218749683	0.017080976562499905
11	hp	0.026822656249999917	-0.016558828124999883	-0.007340703124999754	-0.0049854687499999994
11	dlPFC	0.021106406249999893	-0.006539921874999896	-0.012611171874999674	0.031133906249999843
11	FFA-PPA	0.017238398437499903	-0.000751425781249794	-0.016573613281249677	0.015962460937499867
12	mofc	0.006910742187499874	-0.0038735351562498993	0.00030115234375030844	0.0015348046874998356
12	lofc	0.028855078124999926	0.03129019531250005	0.019648945312500294	-0.0035292968750001152
12	hp	0.0066353515624998985	0.0005043945312502504	-0.0009646679687497287	0.000810039062499962
12	dlPFC	0.0393767578124999	0.04226181640625022	0.00410525390625029	0.004397070312499932
12	FFA-PPA	-0.003672031250000169	0.00295070312500028	0.0035988281250002724	-0.003092656250000131
14	mofc	-0.015231953125000103	-0.0015673828124996916	0.000743867187500356	-0.006951953125000118
14	lofc	0.0001256249999998689	0.00030359375000015704	-0.0030814062499996495	0.006191874999999847
14	hp	0.011844335937499988	-0.007084238281249801	0.014235449218750269	0.0010046484374999776
14	dlPFC	0.010518320312499874	0.01303791015625018	0.006194472656250271	-0.003582617187500081
14	FFA-PPA	0.003109882812499864	0.007878535156250213	0.008036972656250288	-0.004258554687499971
15	mofc	0.00894843749999984	-0.000724999999999823	-0.006470624999999709	0.005282812499999817
15	lofc	0.016308710937499835	0.001017949218750265	-0.007466113281249796	0.0189140234374999
15	hp	0.0035807031249998865	-1.4023437499698088e-05	-0.008877773437499684	0.010115078124999899
15	dlPFC	0.048373984374999957	-0.006342695312499931	-0.0009008203124997727	0.01088773437499993
15	FFA-PPA	0.014192421874999885	0.011029648437500386	-0.005442851562499674	0.019901171874999957
16	mofc	0.024617343749999916	-0.0008786718749997716	0.0024150781250002248	0.0026385937499999734
16	lofc	0.029509531249999908	0.02471726562500011	0.009616015625000309	0.013613281249999887
16	hp	0.014252304687499898	0.0004989648437501437	-0.0019213476562496765	5.261718749999256e-05
16	dlPFC	0.04085785156249985	0.00774923828125023	-0.013896074218749629	0.03693441406249995
16	FFA-PPA	0.056570742187499856	-0.0017083789062498356	-0.013964316406249736	0.03146917968749993
17	mofc	-0.003922304687500162	0.003458691406250214	-0.009935996093749695	0.0035236328124998717
17	lofc	-0.011585078125000165	0.0027683984375002635	-0.00973222656249973	0.0012599218749999447
17	hp	0.01648820312499993	-0.0052948046874998975	-0.0031860546874997505	-0.004743046875000129
17	dlPFC	0.010101601562499892	0.00411330078125019	0.0032573632812503313	0.0002981640624999393
17	FFA-PPA	-0.0029333593750001247	-0.0006182421874997776	-0.006095117187499645	0.005309765624999907
18	mofc	0.018155234374999968	0.00240589843750022	0.015252148437500269	0.0018277343750000008
18	lofc	0.007479609374999894	0.013091523437500217	-0.0018578515624996551	-0.0007903906250001091
18	hp	0.00814785156249987	0.0028564257812502686	0.01689923828125029	0.009336914062499896
18	dlPFC	0.005985468749999858	0.025416015625000267	0.0014141406250003843	0.011896093749999836
18	FFA-PPA	0.018147539062499878	-0.012358261718749784	-0.013209824218749755	0.012652851562499928
20	mofc	0.030446992187499924	0.008821464843750189	-0.009690097656249667	0.0042479296874999295
20	lofc	0.03276097656249993	0.00995486328125017	-0.0006991992187497	0.01656003906250003
20	hp	0.01062558593749988	0.0028635742187501576	-0.010876113281249721	-0.0018541015625000712
20	dlPFC	0.038336445312499884	0.002589316406250153	-0.013527246093749721	0.010631757812500059
20	FFA-PPA	0.016815976562499887	-0.002531386718749855	-0.004927949218749764	-0.006571835937500103
21	mofc	0.01672832031249994	0.010184941406250161	0.004204628906250285	0.004959257812499895
21	lofc	0.012159570312499902	-0.004205839843749795	0.0023644726562502324	-0.0011463671875000109
21	hp	0.015310546874999924	-0.00598597656249978	0.01069402343750026	-0.004965078124999939
21	dlPFC	0.025853828124999905	0.00829675781250018	0.009641757812500259	0.0007650781249999017
21	FFA-PPA	-0.006036289062500144	0.0050281054687501756	-0.00011908203124973496	-0.013300976562500094
22	mofc	-0.014589765625000146	0.010513710937500163	0.007339960937500348	-0.00269789062500006
22	lofc	0.0007673437499998784	0.008795703125000116	0.002180078125000342	0.005717968749999858
22	hp	-0.005053242187500084	0.010697128906250138	0.006077441406250297	-0.008821054687500107
22	dlPFC	0.004387499999999881	0.019452500000000213	0.0028862500000002827	0.004405624999999913
22	FFA-PPA	0.0008556249999999224	9.218750000164477e-06	0.003814843750000265	-0.01136625000000005
23	mofc	-0.001401562500000203	0.004252031250000232	-0.007980468749999659	0.00666968749999991
23	lofc	0.003967695312499905	0.007160097656250211	-0.007802089843749721	0.014084257812499862
23	hp	-0.008128828125000185	0.02681433593750019	-0.005268164062499657	0.0016049218749997762
23	dlPFC	0.0014213671874998383	0.015741933593750167	0.001784746093750348	0.00030980468749991497
23	FFA-PPA	-0.005762500000000212	0.010408750000000307	-0.020672499999999632	0.015153749999999827
24	mofc	0.011740156249999856	-0.0006485156249999152	-0.009581640624999742	0.005266406249999939
24	lofc	0.002486328124999878	-0.012949804687499782	-0.016874804687499727	0.012787578124999865
24	hp	0.0038249609374998855	-0.001449082031249757	-0.011169394531249766	0.0004602734374998807
24	dlPFC	0.02258746093749983	-0.018435019531249763	-0.018809707031249765	0.019100898437499847
24	FFA-PPA	0.005151601562499903	-0.003241386718749767	-0.005211074218749735	0.0008637890624999256
25	mofc	0.00973671874999988	-0.016949453124999785	-0.0124557031249997	0.017356093749999885
25	lofc	0.013650078124999906	-0.011979960937499874	-0.004365585937499753	0.008469453124999887
25	hp	-0.006387656250000127	0.004571796875000131	0.0024861718750003176	-0.005597031250000134
25	dlPFC	0.08370203125000004	-0.02141398437500009	0.008607890625000114	0.0007314062500000662
25	FFA-PPA	0.03220499999999999	-0.010724999999999825	0.0012562500000002155	0.0004887499999999545
26	mofc	0.01216765624999986	-0.005460859374999925	-0.0026352343749997884	-0.0019267187500000837
26	lofc	0.010315546874999866	0.002008867187500249	-0.009682382812499698	0.0029899218749999124
26	hp	0.005478671874999931	0.002285429687500215	-0.0009301953124996945	-0.0022657031250000736
26	dlPFC	0.009132343749999865	0.007937578125000122	-0.0034055468749997226	-0.0027970312499999983
26	FFA-PPA	0.006388359374999906	-0.001970976562499796	-0.005880976562499798	-0.0017722656250000468
27	mofc	0.02333878906250006	0.004700957031250015	0.059882519531250164	-0.016815273437500083
27	lofc	-0.010437578125000093	0.016065429687500153	0.014969179687500334	-0.013198203125000085
27	hp	-0.006890039062500096	0.006802636718750213	0.027341074218750296	-0.018533476562499984
27	dlPFC	0.008973749999999933	0.00940671875000007	0.03417921875000026	-0.019425625000000002
27	FFA-PPA	0.017386953124999938	-0.004566523437499838	0.021012851562500167	-0.015643046874999997
28	mofc	0.010199921874999875	-0.0016608203124998736	-0.000789570312499762	-0.002172578124999991
28	lofc	0.011498945312499894	0.008522441406250116	-0.001342871093749724	0.005101757812499941
28	hp	-0.0010312890625000862	0.011814667968750199	-0.005747519531249672	-0.0011459765625000673
28	dlPFC	0.022668203124999887	-0.0037537109374998698	-0.0024593359374997237	0.014876953125000009
28	FFA-PPA	-0.0025017968750001354	0.0019051953125002324	0.0008495703125002869	-0.004417421875000216
29	mofc	0.026522382812499842	-0.011495058593749698	-0.022772871093749727	0.040975195312499865
29	lofc	0.0012651562499997777	0.008325703125000243	-0.005586171874999683	0.03445640624999981
29	hp	0.009656289062499913	-0.004548105468749848	-0.008963417968749669	0.007622851562499922
29	dlPFC	0.038057421874999796	0.008976523437500328	-0.0260197265624996	0.06951992187499978
29	FFA-PPA	0.017373906249999817	-0.0023169531249998543	-0.025674453124999663	0.034838281249999825
30	mofc	0.016246835937499933	-0.0003253320312498337	0.01002060546875026	-0.0068147265625000675
30	lofc	0.018513749999999943	0.000912031250000174	0.0016682812500001948	-0.0021081249999999885
30	hp	0.0164802343749999	0.003456679687500054	0.0037791796875002275	-0.0121816406250001
30	dlPFC	0.00924839843749993	0.00806498046875019	0.007159042968750265	0.0034330859374999134
30	FFA-PPA	-0.0015660546875001236	0.00042916015625019815	0.00029572265625033706	-0.00409324218750004
