	subject	mask_name	condition	score	chance_score
0	1	mofc	pre_age	0.59375	0.5
1	1	mofc	pre_category	0.46875	0.5
2	1	mofc	current_age	0.53125	0.5
3	1	mofc	current_category	0.5625	0.5
4	1	lofc	pre_age	0.578125	0.5
5	1	lofc	pre_category	0.515625	0.5
6	1	lofc	current_age	0.53125	0.5
7	1	lofc	current_category	0.609375	0.5
8	1	hp	pre_age	0.625	0.5
9	1	hp	pre_category	0.53125	0.5
10	1	hp	current_age	0.59375	0.5
11	1	hp	current_category	0.578125	0.5
12	1	dlPFC	pre_age	0.515625	0.5
13	1	dlPFC	pre_category	0.578125	0.5
14	1	dlPFC	current_age	0.5	0.5
15	1	dlPFC	current_category	0.546875	0.5
16	1	FFA/PPA	pre_age	0.53125	0.5
17	1	FFA/PPA	pre_category	0.65625	0.5
18	1	FFA/PPA	current_age	0.609375	0.5
19	1	FFA/PPA	current_category	0.78125	0.5
20	2	mofc	pre_age	0.609375	0.5
21	2	mofc	pre_category	0.5	0.5
22	2	mofc	current_age	0.671875	0.5
23	2	mofc	current_category	0.671875	0.5
24	2	lofc	pre_age	0.71875	0.5
25	2	lofc	pre_category	0.46875	0.5
26	2	lofc	current_age	0.625	0.5
27	2	lofc	current_category	0.484375	0.5
28	2	hp	pre_age	0.625	0.5
29	2	hp	pre_category	0.46875	0.5
30	2	hp	current_age	0.515625	0.5
31	2	hp	current_category	0.484375	0.5
32	2	dlPFC	pre_age	0.578125	0.5
33	2	dlPFC	pre_category	0.65625	0.5
34	2	dlPFC	current_age	0.453125	0.5
35	2	dlPFC	current_category	0.578125	0.5
36	2	FFA/PPA	pre_age	0.484375	0.5
37	2	FFA/PPA	pre_category	0.578125	0.5
38	2	FFA/PPA	current_age	0.59375	0.5
39	2	FFA/PPA	current_category	0.71875	0.5
40	3	mofc	pre_age	0.546875	0.5
41	3	mofc	pre_category	0.53125	0.5
42	3	mofc	current_age	0.6875	0.5
43	3	mofc	current_category	0.5625	0.5
44	3	lofc	pre_age	0.5	0.5
45	3	lofc	pre_category	0.578125	0.5
46	3	lofc	current_age	0.5	0.5
47	3	lofc	current_category	0.53125	0.5
48	3	hp	pre_age	0.515625	0.5
49	3	hp	pre_category	0.671875	0.5
50	3	hp	current_age	0.546875	0.5
51	3	hp	current_category	0.5625	0.5
52	3	dlPFC	pre_age	0.53125	0.5
53	3	dlPFC	pre_category	0.5625	0.5
54	3	dlPFC	current_age	0.625	0.5
55	3	dlPFC	current_category	0.6875	0.5
56	3	FFA/PPA	pre_age	0.625	0.5
57	3	FFA/PPA	pre_category	0.578125	0.5
58	3	FFA/PPA	current_age	0.671875	0.5
59	3	FFA/PPA	current_category	0.796875	0.5
60	4	mofc	pre_age	0.53125	0.5
61	4	mofc	pre_category	0.625	0.5
62	4	mofc	current_age	0.59375	0.5
63	4	mofc	current_category	0.578125	0.5
64	4	lofc	pre_age	0.59375	0.5
65	4	lofc	pre_category	0.484375	0.5
66	4	lofc	current_age	0.53125	0.5
67	4	lofc	current_category	0.578125	0.5
68	4	hp	pre_age	0.359375	0.5
69	4	hp	pre_category	0.515625	0.5
70	4	hp	current_age	0.5	0.5
71	4	hp	current_category	0.5625	0.5
72	4	dlPFC	pre_age	0.484375	0.5
73	4	dlPFC	pre_category	0.546875	0.5
74	4	dlPFC	current_age	0.46875	0.5
75	4	dlPFC	current_category	0.609375	0.5
76	4	FFA/PPA	pre_age	0.609375	0.5
77	4	FFA/PPA	pre_category	0.515625	0.5
78	4	FFA/PPA	current_age	0.625	0.5
79	4	FFA/PPA	current_category	0.703125	0.5
80	5	mofc	pre_age	0.421875	0.5
81	5	mofc	pre_category	0.453125	0.5
82	5	mofc	current_age	0.40625	0.5
83	5	mofc	current_category	0.609375	0.5
84	5	lofc	pre_age	0.59375	0.5
85	5	lofc	pre_category	0.5625	0.5
86	5	lofc	current_age	0.328125	0.5
87	5	lofc	current_category	0.546875	0.5
88	5	hp	pre_age	0.4375	0.5
89	5	hp	pre_category	0.46875	0.5
90	5	hp	current_age	0.453125	0.5
91	5	hp	current_category	0.546875	0.5
92	5	dlPFC	pre_age	0.5625	0.5
93	5	dlPFC	pre_category	0.546875	0.5
94	5	dlPFC	current_age	0.4375	0.5
95	5	dlPFC	current_category	0.765625	0.5
96	5	FFA/PPA	pre_age	0.5	0.5
97	5	FFA/PPA	pre_category	0.625	0.5
98	5	FFA/PPA	current_age	0.59375	0.5
99	5	FFA/PPA	current_category	0.6875	0.5
100	7	mofc	pre_age	0.53125	0.5
101	7	mofc	pre_category	0.5	0.5
102	7	mofc	current_age	0.375	0.5
103	7	mofc	current_category	0.734375	0.5
104	7	lofc	pre_age	0.484375	0.5
105	7	lofc	pre_category	0.484375	0.5
106	7	lofc	current_age	0.4375	0.5
107	7	lofc	current_category	0.546875	0.5
108	7	hp	pre_age	0.5625	0.5
109	7	hp	pre_category	0.5	0.5
110	7	hp	current_age	0.484375	0.5
111	7	hp	current_category	0.625	0.5
112	7	dlPFC	pre_age	0.515625	0.5
113	7	dlPFC	pre_category	0.515625	0.5
114	7	dlPFC	current_age	0.515625	0.5
115	7	dlPFC	current_category	0.578125	0.5
116	7	FFA/PPA	pre_age	0.53125	0.5
117	7	FFA/PPA	pre_category	0.65625	0.5
118	7	FFA/PPA	current_age	0.546875	0.5
119	7	FFA/PPA	current_category	0.78125	0.5
120	8	mofc	pre_age	0.515625	0.5
121	8	mofc	pre_category	0.390625	0.5
122	8	mofc	current_age	0.5	0.5
123	8	mofc	current_category	0.59375	0.5
124	8	lofc	pre_age	0.515625	0.5
125	8	lofc	pre_category	0.484375	0.5
126	8	lofc	current_age	0.4375	0.5
127	8	lofc	current_category	0.640625	0.5
128	8	hp	pre_age	0.625	0.5
129	8	hp	pre_category	0.53125	0.5
130	8	hp	current_age	0.53125	0.5
131	8	hp	current_category	0.703125	0.5
132	8	dlPFC	pre_age	0.390625	0.5
133	8	dlPFC	pre_category	0.4375	0.5
134	8	dlPFC	current_age	0.578125	0.5
135	8	dlPFC	current_category	0.640625	0.5
136	8	FFA/PPA	pre_age	0.5	0.5
137	8	FFA/PPA	pre_category	0.53125	0.5
138	8	FFA/PPA	current_age	0.625	0.5
139	8	FFA/PPA	current_category	0.890625	0.5
140	9	mofc	pre_age	0.5625	0.5
141	9	mofc	pre_category	0.4375	0.5
142	9	mofc	current_age	0.484375	0.5
143	9	mofc	current_category	0.4375	0.5
144	9	lofc	pre_age	0.546875	0.5
145	9	lofc	pre_category	0.578125	0.5
146	9	lofc	current_age	0.484375	0.5
147	9	lofc	current_category	0.65625	0.5
148	9	hp	pre_age	0.5	0.5
149	9	hp	pre_category	0.453125	0.5
150	9	hp	current_age	0.5	0.5
151	9	hp	current_category	0.65625	0.5
152	9	dlPFC	pre_age	0.484375	0.5
153	9	dlPFC	pre_category	0.5	0.5
154	9	dlPFC	current_age	0.515625	0.5
155	9	dlPFC	current_category	0.703125	0.5
156	9	FFA/PPA	pre_age	0.546875	0.5
157	9	FFA/PPA	pre_category	0.609375	0.5
158	9	FFA/PPA	current_age	0.5	0.5
159	9	FFA/PPA	current_category	0.890625	0.5
160	10	mofc	pre_age	0.421875	0.5
161	10	mofc	pre_category	0.5	0.5
162	10	mofc	current_age	0.453125	0.5
163	10	mofc	current_category	0.5	0.5
164	10	lofc	pre_age	0.46875	0.5
165	10	lofc	pre_category	0.53125	0.5
166	10	lofc	current_age	0.5	0.5
167	10	lofc	current_category	0.421875	0.5
168	10	hp	pre_age	0.359375	0.5
169	10	hp	pre_category	0.53125	0.5
170	10	hp	current_age	0.4375	0.5
171	10	hp	current_category	0.546875	0.5
172	10	dlPFC	pre_age	0.46875	0.5
173	10	dlPFC	pre_category	0.59375	0.5
174	10	dlPFC	current_age	0.53125	0.5
175	10	dlPFC	current_category	0.5	0.5
176	10	FFA/PPA	pre_age	0.40625	0.5
177	10	FFA/PPA	pre_category	0.5625	0.5
178	10	FFA/PPA	current_age	0.578125	0.5
179	10	FFA/PPA	current_category	0.8125	0.5
180	11	mofc	pre_age	0.53125	0.5
181	11	mofc	pre_category	0.578125	0.5
182	11	mofc	current_age	0.515625	0.5
183	11	mofc	current_category	0.75	0.5
184	11	lofc	pre_age	0.390625	0.5
185	11	lofc	pre_category	0.5625	0.5
186	11	lofc	current_age	0.5625	0.5
187	11	lofc	current_category	0.59375	0.5
188	11	hp	pre_age	0.484375	0.5
189	11	hp	pre_category	0.625	0.5
190	11	hp	current_age	0.4375	0.5
191	11	hp	current_category	0.59375	0.5
192	11	dlPFC	pre_age	0.46875	0.5
193	11	dlPFC	pre_category	0.59375	0.5
194	11	dlPFC	current_age	0.46875	0.5
195	11	dlPFC	current_category	0.6875	0.5
196	11	FFA/PPA	pre_age	0.484375	0.5
197	11	FFA/PPA	pre_category	0.625	0.5
198	11	FFA/PPA	current_age	0.578125	0.5
199	11	FFA/PPA	current_category	0.890625	0.5
200	12	mofc	pre_age	0.625	0.5
201	12	mofc	pre_category	0.546875	0.5
202	12	mofc	current_age	0.5	0.5
203	12	mofc	current_category	0.609375	0.5
204	12	lofc	pre_age	0.59375	0.5
205	12	lofc	pre_category	0.5625	0.5
206	12	lofc	current_age	0.5	0.5
207	12	lofc	current_category	0.671875	0.5
208	12	hp	pre_age	0.578125	0.5
209	12	hp	pre_category	0.515625	0.5
210	12	hp	current_age	0.5625	0.5
211	12	hp	current_category	0.453125	0.5
212	12	dlPFC	pre_age	0.4375	0.5
213	12	dlPFC	pre_category	0.578125	0.5
214	12	dlPFC	current_age	0.546875	0.5
215	12	dlPFC	current_category	0.609375	0.5
216	12	FFA/PPA	pre_age	0.53125	0.5
217	12	FFA/PPA	pre_category	0.703125	0.5
218	12	FFA/PPA	current_age	0.625	0.5
219	12	FFA/PPA	current_category	0.828125	0.5
220	14	mofc	pre_age	0.515625	0.5
221	14	mofc	pre_category	0.5625	0.5
222	14	mofc	current_age	0.53125	0.5
223	14	mofc	current_category	0.625	0.5
224	14	lofc	pre_age	0.53125	0.5
225	14	lofc	pre_category	0.6875	0.5
226	14	lofc	current_age	0.546875	0.5
227	14	lofc	current_category	0.671875	0.5
228	14	hp	pre_age	0.515625	0.5
229	14	hp	pre_category	0.484375	0.5
230	14	hp	current_age	0.421875	0.5
231	14	hp	current_category	0.6875	0.5
232	14	dlPFC	pre_age	0.578125	0.5
233	14	dlPFC	pre_category	0.640625	0.5
234	14	dlPFC	current_age	0.640625	0.5
235	14	dlPFC	current_category	0.640625	0.5
236	14	FFA/PPA	pre_age	0.515625	0.5
237	14	FFA/PPA	pre_category	0.703125	0.5
238	14	FFA/PPA	current_age	0.65625	0.5
239	14	FFA/PPA	current_category	0.859375	0.5
240	15	mofc	pre_age	0.609375	0.5
241	15	mofc	pre_category	0.5	0.5
242	15	mofc	current_age	0.515625	0.5
243	15	mofc	current_category	0.609375	0.5
244	15	lofc	pre_age	0.515625	0.5
245	15	lofc	pre_category	0.46875	0.5
246	15	lofc	current_age	0.40625	0.5
247	15	lofc	current_category	0.546875	0.5
248	15	hp	pre_age	0.34375	0.5
249	15	hp	pre_category	0.421875	0.5
250	15	hp	current_age	0.609375	0.5
251	15	hp	current_category	0.453125	0.5
252	15	dlPFC	pre_age	0.53125	0.5
253	15	dlPFC	pre_category	0.46875	0.5
254	15	dlPFC	current_age	0.59375	0.5
255	15	dlPFC	current_category	0.5625	0.5
256	15	FFA/PPA	pre_age	0.578125	0.5
257	15	FFA/PPA	pre_category	0.546875	0.5
258	15	FFA/PPA	current_age	0.515625	0.5
259	15	FFA/PPA	current_category	0.828125	0.5
260	16	mofc	pre_age	0.4375	0.5
261	16	mofc	pre_category	0.59375	0.5
262	16	mofc	current_age	0.515625	0.5
263	16	mofc	current_category	0.71875	0.5
264	16	lofc	pre_age	0.59375	0.5
265	16	lofc	pre_category	0.5625	0.5
266	16	lofc	current_age	0.515625	0.5
267	16	lofc	current_category	0.703125	0.5
268	16	hp	pre_age	0.40625	0.5
269	16	hp	pre_category	0.609375	0.5
270	16	hp	current_age	0.65625	0.5
271	16	hp	current_category	0.578125	0.5
272	16	dlPFC	pre_age	0.546875	0.5
273	16	dlPFC	pre_category	0.5625	0.5
274	16	dlPFC	current_age	0.421875	0.5
275	16	dlPFC	current_category	0.65625	0.5
276	16	FFA/PPA	pre_age	0.5	0.5
277	16	FFA/PPA	pre_category	0.703125	0.5
278	16	FFA/PPA	current_age	0.578125	0.5
279	16	FFA/PPA	current_category	0.921875	0.5
280	17	mofc	pre_age	0.703125	0.5
281	17	mofc	pre_category	0.46875	0.5
282	17	mofc	current_age	0.546875	0.5
283	17	mofc	current_category	0.625	0.5
284	17	lofc	pre_age	0.53125	0.5
285	17	lofc	pre_category	0.46875	0.5
286	17	lofc	current_age	0.4375	0.5
287	17	lofc	current_category	0.4375	0.5
288	17	hp	pre_age	0.5	0.5
289	17	hp	pre_category	0.453125	0.5
290	17	hp	current_age	0.421875	0.5
291	17	hp	current_category	0.5625	0.5
292	17	dlPFC	pre_age	0.59375	0.5
293	17	dlPFC	pre_category	0.59375	0.5
294	17	dlPFC	current_age	0.546875	0.5
295	17	dlPFC	current_category	0.640625	0.5
296	17	FFA/PPA	pre_age	0.484375	0.5
297	17	FFA/PPA	pre_category	0.65625	0.5
298	17	FFA/PPA	current_age	0.546875	0.5
299	17	FFA/PPA	current_category	0.71875	0.5
300	18	mofc	pre_age	0.515625	0.5
301	18	mofc	pre_category	0.59375	0.5
302	18	mofc	current_age	0.46875	0.5
303	18	mofc	current_category	0.515625	0.5
304	18	lofc	pre_age	0.53125	0.5
305	18	lofc	pre_category	0.609375	0.5
306	18	lofc	current_age	0.59375	0.5
307	18	lofc	current_category	0.609375	0.5
308	18	hp	pre_age	0.53125	0.5
309	18	hp	pre_category	0.578125	0.5
310	18	hp	current_age	0.5	0.5
311	18	hp	current_category	0.59375	0.5
312	18	dlPFC	pre_age	0.453125	0.5
313	18	dlPFC	pre_category	0.640625	0.5
314	18	dlPFC	current_age	0.609375	0.5
315	18	dlPFC	current_category	0.578125	0.5
316	18	FFA/PPA	pre_age	0.484375	0.5
317	18	FFA/PPA	pre_category	0.671875	0.5
318	18	FFA/PPA	current_age	0.75	0.5
319	18	FFA/PPA	current_category	0.71875	0.5
320	20	mofc	pre_age	0.6875	0.5
321	20	mofc	pre_category	0.59375	0.5
322	20	mofc	current_age	0.546875	0.5
323	20	mofc	current_category	0.65625	0.5
324	20	lofc	pre_age	0.5	0.5
325	20	lofc	pre_category	0.53125	0.5
326	20	lofc	current_age	0.546875	0.5
327	20	lofc	current_category	0.515625	0.5
328	20	hp	pre_age	0.515625	0.5
329	20	hp	pre_category	0.5625	0.5
330	20	hp	current_age	0.4375	0.5
331	20	hp	current_category	0.625	0.5
332	20	dlPFC	pre_age	0.53125	0.5
333	20	dlPFC	pre_category	0.515625	0.5
334	20	dlPFC	current_age	0.625	0.5
335	20	dlPFC	current_category	0.609375	0.5
336	20	FFA/PPA	pre_age	0.546875	0.5
337	20	FFA/PPA	pre_category	0.625	0.5
338	20	FFA/PPA	current_age	0.609375	0.5
339	20	FFA/PPA	current_category	0.671875	0.5
340	21	mofc	pre_age	0.44166666666666665	0.5083333333333333
341	21	mofc	pre_category	0.603125	0.4916666666666667
342	21	mofc	current_age	0.4447916666666667	0.4916666666666667
343	21	mofc	current_category	0.634375	0.5083333333333333
344	21	lofc	pre_age	0.5864583333333333	0.5083333333333333
345	21	lofc	pre_category	0.4583333333333333	0.4916666666666667
346	21	lofc	current_age	0.509375	0.4916666666666667
347	21	lofc	current_category	0.5239583333333333	0.5083333333333333
348	21	hp	pre_age	0.4125	0.5083333333333333
349	21	hp	pre_category	0.6333333333333333	0.4916666666666667
350	21	hp	current_age	0.3802083333333333	0.4916666666666667
351	21	hp	current_category	0.4927083333333333	0.5083333333333333
352	21	dlPFC	pre_age	0.525	0.5083333333333333
353	21	dlPFC	pre_category	0.4916666666666667	0.4916666666666667
354	21	dlPFC	current_age	0.5072916666666667	0.4916666666666667
355	21	dlPFC	current_category	0.6697916666666667	0.5083333333333333
356	21	FFA/PPA	pre_age	0.50625	0.5083333333333333
357	21	FFA/PPA	pre_category	0.621875	0.4916666666666667
358	21	FFA/PPA	current_age	0.415625	0.4916666666666667
359	21	FFA/PPA	current_category	0.8239583333333333	0.5083333333333333
360	22	mofc	pre_age	0.4375	0.5
361	22	mofc	pre_category	0.546875	0.5
362	22	mofc	current_age	0.453125	0.5
363	22	mofc	current_category	0.640625	0.5
364	22	lofc	pre_age	0.546875	0.5
365	22	lofc	pre_category	0.546875	0.5
366	22	lofc	current_age	0.46875	0.5
367	22	lofc	current_category	0.53125	0.5
368	22	hp	pre_age	0.453125	0.5
369	22	hp	pre_category	0.609375	0.5
370	22	hp	current_age	0.46875	0.5
371	22	hp	current_category	0.484375	0.5
372	22	dlPFC	pre_age	0.59375	0.5
373	22	dlPFC	pre_category	0.640625	0.5
374	22	dlPFC	current_age	0.484375	0.5
375	22	dlPFC	current_category	0.578125	0.5
376	22	FFA/PPA	pre_age	0.453125	0.5
377	22	FFA/PPA	pre_category	0.65625	0.5
378	22	FFA/PPA	current_age	0.53125	0.5
379	22	FFA/PPA	current_category	0.875	0.5
380	23	mofc	pre_age	0.53125	0.5
381	23	mofc	pre_category	0.65625	0.5
382	23	mofc	current_age	0.453125	0.5
383	23	mofc	current_category	0.65625	0.5
384	23	lofc	pre_age	0.484375	0.5
385	23	lofc	pre_category	0.515625	0.5
386	23	lofc	current_age	0.484375	0.5
387	23	lofc	current_category	0.515625	0.5
388	23	hp	pre_age	0.40625	0.5
389	23	hp	pre_category	0.515625	0.5
390	23	hp	current_age	0.6875	0.5
391	23	hp	current_category	0.53125	0.5
392	23	dlPFC	pre_age	0.515625	0.5
393	23	dlPFC	pre_category	0.484375	0.5
394	23	dlPFC	current_age	0.53125	0.5
395	23	dlPFC	current_category	0.703125	0.5
396	23	FFA/PPA	pre_age	0.5	0.5
397	23	FFA/PPA	pre_category	0.625	0.5
398	23	FFA/PPA	current_age	0.65625	0.5
399	23	FFA/PPA	current_category	0.84375	0.5
400	24	mofc	pre_age	0.546875	0.5
401	24	mofc	pre_category	0.5625	0.5
402	24	mofc	current_age	0.546875	0.5
403	24	mofc	current_category	0.5625	0.5
404	24	lofc	pre_age	0.5	0.5
405	24	lofc	pre_category	0.5625	0.5
406	24	lofc	current_age	0.609375	0.5
407	24	lofc	current_category	0.59375	0.5
408	24	hp	pre_age	0.546875	0.5
409	24	hp	pre_category	0.5	0.5
410	24	hp	current_age	0.578125	0.5
411	24	hp	current_category	0.515625	0.5
412	24	dlPFC	pre_age	0.6875	0.5
413	24	dlPFC	pre_category	0.53125	0.5
414	24	dlPFC	current_age	0.515625	0.5
415	24	dlPFC	current_category	0.609375	0.5
416	24	FFA/PPA	pre_age	0.5625	0.5
417	24	FFA/PPA	pre_category	0.71875	0.5
418	24	FFA/PPA	current_age	0.671875	0.5
419	24	FFA/PPA	current_category	0.796875	0.5
420	25	mofc	pre_age	0.53125	0.5
421	25	mofc	pre_category	0.40625	0.5
422	25	mofc	current_age	0.65625	0.5
423	25	mofc	current_category	0.53125	0.5
424	25	lofc	pre_age	0.5625	0.5
425	25	lofc	pre_category	0.453125	0.5
426	25	lofc	current_age	0.546875	0.5
427	25	lofc	current_category	0.53125	0.5
428	25	hp	pre_age	0.515625	0.5
429	25	hp	pre_category	0.421875	0.5
430	25	hp	current_age	0.609375	0.5
431	25	hp	current_category	0.578125	0.5
432	25	dlPFC	pre_age	0.515625	0.5
433	25	dlPFC	pre_category	0.40625	0.5
434	25	dlPFC	current_age	0.515625	0.5
435	25	dlPFC	current_category	0.59375	0.5
436	25	FFA/PPA	pre_age	0.625	0.5
437	25	FFA/PPA	pre_category	0.609375	0.5
438	25	FFA/PPA	current_age	0.65625	0.5
439	25	FFA/PPA	current_category	0.984375	0.5
440	26	mofc	pre_age	0.453125	0.5
441	26	mofc	pre_category	0.578125	0.5
442	26	mofc	current_age	0.5625	0.5
443	26	mofc	current_category	0.6875	0.5
444	26	lofc	pre_age	0.40625	0.5
445	26	lofc	pre_category	0.640625	0.5
446	26	lofc	current_age	0.53125	0.5
447	26	lofc	current_category	0.59375	0.5
448	26	hp	pre_age	0.65625	0.5
449	26	hp	pre_category	0.53125	0.5
450	26	hp	current_age	0.5	0.5
451	26	hp	current_category	0.390625	0.5
452	26	dlPFC	pre_age	0.46875	0.5
453	26	dlPFC	pre_category	0.46875	0.5
454	26	dlPFC	current_age	0.5625	0.5
455	26	dlPFC	current_category	0.75	0.5
456	26	FFA/PPA	pre_age	0.5	0.5
457	26	FFA/PPA	pre_category	0.578125	0.5
458	26	FFA/PPA	current_age	0.515625	0.5
459	26	FFA/PPA	current_category	0.84375	0.5
460	27	mofc	pre_age	0.5	0.5
461	27	mofc	pre_category	0.4375	0.5
462	27	mofc	current_age	0.546875	0.5
463	27	mofc	current_category	0.5	0.5
464	27	lofc	pre_age	0.359375	0.5
465	27	lofc	pre_category	0.515625	0.5
466	27	lofc	current_age	0.578125	0.5
467	27	lofc	current_category	0.671875	0.5
468	27	hp	pre_age	0.46875	0.5
469	27	hp	pre_category	0.515625	0.5
470	27	hp	current_age	0.5	0.5
471	27	hp	current_category	0.5625	0.5
472	27	dlPFC	pre_age	0.46875	0.5
473	27	dlPFC	pre_category	0.5	0.5
474	27	dlPFC	current_age	0.640625	0.5
475	27	dlPFC	current_category	0.609375	0.5
476	27	FFA/PPA	pre_age	0.5	0.5
477	27	FFA/PPA	pre_category	0.5625	0.5
478	27	FFA/PPA	current_age	0.59375	0.5
479	27	FFA/PPA	current_category	0.78125	0.5
480	28	mofc	pre_age	0.578125	0.5
481	28	mofc	pre_category	0.546875	0.5
482	28	mofc	current_age	0.46875	0.5
483	28	mofc	current_category	0.53125	0.5
484	28	lofc	pre_age	0.359375	0.5
485	28	lofc	pre_category	0.5625	0.5
486	28	lofc	current_age	0.484375	0.5
487	28	lofc	current_category	0.453125	0.5
488	28	hp	pre_age	0.53125	0.5
489	28	hp	pre_category	0.46875	0.5
490	28	hp	current_age	0.546875	0.5
491	28	hp	current_category	0.53125	0.5
492	28	dlPFC	pre_age	0.46875	0.5
493	28	dlPFC	pre_category	0.578125	0.5
494	28	dlPFC	current_age	0.5	0.5
495	28	dlPFC	current_category	0.5	0.5
496	28	FFA/PPA	pre_age	0.40625	0.5
497	28	FFA/PPA	pre_category	0.515625	0.5
498	28	FFA/PPA	current_age	0.609375	0.5
499	28	FFA/PPA	current_category	0.78125	0.5
500	29	mofc	pre_age	0.515625	0.5
501	29	mofc	pre_category	0.59375	0.5
502	29	mofc	current_age	0.5	0.5
503	29	mofc	current_category	0.5625	0.5
504	29	lofc	pre_age	0.328125	0.5
505	29	lofc	pre_category	0.71875	0.5
506	29	lofc	current_age	0.53125	0.5
507	29	lofc	current_category	0.625	0.5
508	29	hp	pre_age	0.515625	0.5
509	29	hp	pre_category	0.484375	0.5
510	29	hp	current_age	0.625	0.5
511	29	hp	current_category	0.578125	0.5
512	29	dlPFC	pre_age	0.40625	0.5
513	29	dlPFC	pre_category	0.59375	0.5
514	29	dlPFC	current_age	0.515625	0.5
515	29	dlPFC	current_category	0.703125	0.5
516	29	FFA/PPA	pre_age	0.484375	0.5
517	29	FFA/PPA	pre_category	0.734375	0.5
518	29	FFA/PPA	current_age	0.625	0.5
519	29	FFA/PPA	current_category	0.875	0.5
520	30	mofc	pre_age	0.484375	0.5
521	30	mofc	pre_category	0.53125	0.5
522	30	mofc	current_age	0.421875	0.5
523	30	mofc	current_category	0.484375	0.5
524	30	lofc	pre_age	0.453125	0.5
525	30	lofc	pre_category	0.515625	0.5
526	30	lofc	current_age	0.359375	0.5
527	30	lofc	current_category	0.671875	0.5
528	30	hp	pre_age	0.5625	0.5
529	30	hp	pre_category	0.53125	0.5
530	30	hp	current_age	0.171875	0.5
531	30	hp	current_category	0.59375	0.5
532	30	dlPFC	pre_age	0.421875	0.5
533	30	dlPFC	pre_category	0.515625	0.5
534	30	dlPFC	current_age	0.515625	0.5
535	30	dlPFC	current_category	0.53125	0.5
536	30	FFA/PPA	pre_age	0.515625	0.5
537	30	FFA/PPA	pre_category	0.609375	0.5
538	30	FFA/PPA	current_age	0.5625	0.5
539	30	FFA/PPA	current_category	0.78125	0.5
